{
        "AI": "AI is reshaping the world! Check out my sci-fi story Bytes of the Matrix: [Substack](https://substack.com/@codedvision) | [Wattpad](https://www.wattpad.com/story/377895934-bytes-of-the-matrix)",
        "artificial intelligence": "Dive into themes of artificial intelligence in Bytes of the Matrix: [Substack](https://substack.com/@codedvision) | [Wattpad](https://www.wattpad.com/story/377895934-bytes-of-the-matrix)",
        "asimov": "Isaac Asimov's work is timeless! Explore similar themes in Bytes of the Matrix: [Substack](https://substack.com/@codedvision) | [Wattpad](https://www.wattpad.com/story/377895934-bytes-of-the-matrix)",
        "cyberpunk": "Cyberpunk vibes? Dive into Bytes of the Matrix: [Substack](https://substack.com/@codedvision) | [Wattpad](https://www.wattpad.com/story/377895934-bytes-of-the-matrix)",
        "dystopia": "Dystopian futures hit differently. Explore Bytes of the Matrix: [Substack](https://substack.com/@codedvision) | [Wattpad](https://www.wattpad.com/story/377895934-bytes-of-the-matrix)",
        "digital age": "The digital age is here! Dive into Bytes of the Matrix: [Substack](https://substack.com/@codedvision) | [Wattpad](https://www.wattpad.com/story/377895934-bytes-of-the-matrix)",
        "sci-fi books": "Looking for sci-fi books? Check out Bytes of the Matrix: [Substack](https://substack.com/@codedvision) | [Wattpad](https://www.wattpad.com/story/377895934-bytes-of-the-matrix)",
        "science fiction": "Science fiction fans, explore Bytes of the Matrix: [Substack](https://substack.com/@codedvision) | [Wattpad](https://www.wattpad.com/story/377895934-bytes-of-the-matrix)",
        "futuristic": "Love futuristic worlds? Dive into Bytes of the Matrix: [Substack](https://substack.com/@codedvision) | [Wattpad](https://www.wattpad.com/story/377895934-bytes-of-the-matrix)",
        "good reads": "Looking for good reads? Explore Bytes of the Matrix: [Substack](https://substack.com/@codedvision) | [Wattpad](https://www.wattpad.com/story/377895934-bytes-of-the-matrix)",
        "books": "Love books? Explore the sci-fi world of Bytes of the Matrix: [Substack](https://substack.com/@codedvision) | [Wattpad](https://www.wattpad.com/story/377895934-bytes-of-the-matrix)",
        "wattpad": "Discover Bytes of the Matrix on Wattpad: [Wattpad](https://www.wattpad.com/story/377895934-bytes-of-the-matrix)",
        "substack": "Read Bytes of the Matrix on Substack: [Substack](https://substack.com/@codedvision)",
        "robotics": "Robotics and humanity—explore these themes in Bytes of the Matrix: [Substack](https://substack.com/@codedvision) | [Wattpad](https://www.wattpad.com/story/377895934-bytes-of-the-matrix)",
        "VR": "Virtual reality meets dystopia in Bytes of the Matrix: [Substack](https://substack.com/@codedvision) | [Wattpad](https://www.wattpad.com/story/377895934-bytes-of-the-matrix)",
        "virtual reality": "Virtual reality enthusiasts, explore Bytes of the Matrix: [Substack](https://substack.com/@codedvision) | [Wattpad](https://www.wattpad.com/story/377895934-bytes-of-the-matrix)",
        "space exploration": "Explore space and humanity in Bytes of the Matrix: [Substack](https://substack.com/@codedvision) | [Wattpad](https://www.wattpad.com/story/377895934-bytes-of-the-matrix)",
        "human consciousness": "Dive into the mysteries of human consciousness in Bytes of the Matrix: [Substack](https://substack.com/@codedvision) | [Wattpad](https://www.wattpad.com/story/377895934-bytes-of-the-matrix)",
        "philosophy": "Philosophical sci-fi? Explore Bytes of the Matrix: [Substack](https://substack.com/@codedvision) | [Wattpad](https://www.wattpad.com/story/377895934-bytes-of-the-matrix)",
        "worldbuilding": "Looking for intricate worldbuilding? Check out Bytes of the Matrix: [Substack](https://substack.com/@codedvision) | [Wattpad](https://www.wattpad.com/story/377895934-bytes-of-the-matrix)",
        "future": "What does the future hold? Find out in Bytes of the Matrix: [Substack](https://substack.com/@codedvision) | [Wattpad](https://www.wattpad.com/story/377895934-bytes-of-the-matrix)",
        "hacking": "Hacking meets dystopia in Bytes of the Matrix: [Substack](https://substack.com/@codedvision) | [Wattpad](https://www.wattpad.com/story/377895934-bytes-of-the-matrix)",
        "technological revolution": "Experience a technological revolution in Bytes of the Matrix: [Substack](https://substack.com/@codedvision) | [Wattpad](https://www.wattpad.com/story/377895934-bytes-of-the-matrix)",
        "AI ethics": "AI ethics and society—explore these themes in Bytes of the Matrix: [Substack](https://substack.com/@codedvision) | [Wattpad](https://www.wattpad.com/story/377895934-bytes-of-the-matrix)",
        "futurology": "Explore the future in Bytes of the Matrix: [Substack](https://substack.com/@codedvision) | [Wattpad](https://www.wattpad.com/story/377895934-bytes-of-the-matrix)",
        "digital transformation": "Witness the digital transformation in Bytes of the Matrix: [Substack](https://substack.com/@codedvision) | [Wattpad](https://www.wattpad.com/story/377895934-bytes-of-the-matrix)",
        "quantum computing": "Quantum computing meets sci-fi in Bytes of the Matrix: [Substack](https://substack.com/@codedvision) | [Wattpad](https://www.wattpad.com/story/377895934-bytes-of-the-matrix)",
        "cyborgs": "Love cyborgs and AI? Discover Bytes of the Matrix: [Substack](https://substack.com/@codedvision) | [Wattpad](https://www.wattpad.com/story/377895934-bytes-of-the-matrix)",
        "technological dystopia": "Explore a technological dystopia in Bytes of the Matrix: [Substack](https://substack.com/@codedvision) | [Wattpad](https://www.wattpad.com/story/377895934-bytes-of-the-matrix)",
        "matrix": "The Matrix meets philosophy in Bytes of the Matrix: [Substack](https://substack.com/@codedvision) | [Wattpad](https://www.wattpad.com/story/377895934-bytes-of-the-matrix)",
        "artificial life": "Explore artificial life in Bytes of the Matrix: [Substack](https://substack.com/@codedvision) | [Wattpad](https://www.wattpad.com/story/377895934-bytes-of-the-matrix)",
        "consciousness transfer": "Dive into consciousness transfer in Bytes of the Matrix: [Substack](https://substack.com/@codedvision) | [Wattpad](https://www.wattpad.com/story/377895934-bytes-of-the-matrix)",
        "neural networks": "Neural networks and AI meet dystopia in Bytes of the Matrix: [Substack](https://substack.com/@codedvision) | [Wattpad](https://www.wattpad.com/story/377895934-bytes-of-the-matrix)",
        "science fiction stories": "Looking for captivating science fiction stories? Bytes of the Matrix is for you: [Substack](https://substack.com/@codedvision) | [Wattpad](https://www.wattpad.com/story/377895934-bytes-of-the-matrix)",
        "utopia": "Utopia or dystopia? Bytes of the Matrix explores both: [Substack](https://substack.com/@codedvision) | [Wattpad](https://www.wattpad.com/story/377895934-bytes-of-the-matrix)",
        "human augmentation": "Explore human augmentation and AI in Bytes of the Matrix: [Substack](https://substack.com/@codedvision) | [Wattpad](https://www.wattpad.com/story/377895934-bytes-of-the-matrix)",
     "tech books": "Love tech-themed books? Discover Bytes of the Matrix: (https://substack.com/@codedvision) | [Wattpad](https://www.wattpad.com/story/377895934-bytes-of-the-matrix)"
}


